{"cameraMode":{"drawMode":0,"name":"Shaded","section":"Shading Mode"},"sceneLighting":false,"audioPlay":false,"sceneViewState":{"showFog":true,"showMaterialUpdate":false,"showSkybox":false,"showFlares":true,"showImageEffects":true,"showParticleSystems":true,"showVisualEffectGraphs":true,"m_FxEnabled":false},"in2DMode":false,"pivot":{"x":-0.09549915790557862,"y":5.009243011474609,"z":-17.751169204711915},"rotation":{"x":-0.45885440707206728,"y":-0.030651001259684564,"z":0.015839707106351854,"w":-0.8878685832023621},"size":1.8787200450897217,"orthographic":false}