{"cameraMode":{"drawMode":0,"name":"Shaded","section":"Shading Mode"},"sceneLighting":true,"audioPlay":false,"sceneViewState":{"showFog":true,"showMaterialUpdate":false,"showSkybox":true,"showFlares":true,"showImageEffects":true,"showParticleSystems":true,"showVisualEffectGraphs":true,"m_FxEnabled":false},"in2DMode":false,"pivot":{"x":-0.1723960041999817,"y":3.1456265449523927,"z":-15.678533554077149},"rotation":{"x":0.3655947148799896,"y":0.023731444031000139,"z":-0.00932502280920744,"w":0.9304282665252686},"size":5.770814895629883,"orthographic":false}