{"cameraMode":{"drawMode":0,"name":"Shaded","section":"Shading Mode"},"sceneLighting":true,"audioPlay":false,"sceneViewState":{"showFog":true,"showMaterialUpdate":false,"showSkybox":true,"showFlares":true,"showImageEffects":true,"showParticleSystems":true},"in2DMode":false,"pivot":{"x":2.639860153198242,"y":6.468343734741211,"z":-17.90439796447754},"rotation":{"x":0.2757602035999298,"y":-0.3321284055709839,"z":0.10219386219978333,"w":0.8962167501449585},"size":7.58361291885376,"orthographic":false}