{"cameraMode":{"drawMode":0,"name":"Shaded","section":"Shading Mode"},"sceneLighting":true,"audioPlay":false,"sceneViewState":{"showFog":true,"showMaterialUpdate":false,"showSkybox":true,"showFlares":true,"showImageEffects":true,"showParticleSystems":true},"in2DMode":false,"pivot":{"x":-0.5718831419944763,"y":3.9146809577941896,"z":-15.222304344177246},"rotation":{"x":0.27230069041252139,"y":0.1621263325214386,"z":-0.046600908041000369,"w":0.9473188519477844},"size":12.461819648742676,"orthographic":false}