{"cameraMode":{"drawMode":0,"name":"Shaded","section":"Shading Mode"},"sceneLighting":false,"audioPlay":false,"sceneViewState":{"showFog":true,"showMaterialUpdate":false,"showSkybox":false,"showFlares":true,"showImageEffects":true,"showParticleSystems":true,"showVisualEffectGraphs":true,"m_FxEnabled":false},"in2DMode":false,"pivot":{"x":0.00017410516738891602,"y":5.012166976928711,"z":-17.816139221191408},"rotation":{"x":-0.45885440707206728,"y":-0.030651001259684564,"z":0.015839707106351854,"w":-0.8878685832023621},"size":1.8852359056472779,"orthographic":false}