{"cameraMode":{"drawMode":0,"name":"Shaded","section":"Shading Mode"},"sceneLighting":true,"audioPlay":false,"sceneViewState":{"showFog":true,"showMaterialUpdate":false,"showSkybox":false,"showFlares":true,"showImageEffects":true,"showParticleSystems":true},"in2DMode":false,"pivot":{"x":-0.46887335181236269,"y":5.519836902618408,"z":-17.862106323242189},"rotation":{"x":0.22558076679706574,"y":0.7182042002677918,"z":-0.26984095573425295,"w":0.6004020571708679},"size":3.137491464614868,"orthographic":false}