{"cameraMode":{"drawMode":0,"name":"Shaded","section":"Shading Mode"},"sceneLighting":true,"audioPlay":false,"sceneViewState":{"showFog":true,"showMaterialUpdate":false,"showSkybox":true,"showFlares":true,"showImageEffects":true,"showParticleSystems":true,"showVisualEffectGraphs":true},"in2DMode":false,"pivot":{"x":-0.19410276412963868,"y":13.225576400756836,"z":-15.543256759643555},"rotation":{"x":0.337740033864975,"y":-0.344342440366745,"z":0.13435032963752747,"w":0.8656328320503235},"size":72.17235565185547,"orthographic":false}