{"cameraMode":{"drawMode":0,"name":"Shaded","section":"Shading Mode"},"sceneLighting":true,"audioPlay":false,"sceneViewState":{"showFog":true,"showMaterialUpdate":false,"showSkybox":true,"showFlares":true,"showImageEffects":true,"showParticleSystems":true,"showVisualEffectGraphs":true},"in2DMode":false,"pivot":{"x":-0.0006819665431976318,"y":5.01170539855957,"z":-17.974258422851564},"rotation":{"x":-0.3163183331489563,"y":0.38375937938690188,"z":-0.14182542264461518,"w":-0.8559133410453796},"size":2.9949238300323488,"orthographic":false}