{"cameraMode":{"drawMode":0,"name":"Shaded","section":"Shading Mode"},"sceneLighting":true,"audioPlay":false,"sceneViewState":{"showFog":true,"showMaterialUpdate":false,"showSkybox":true,"showFlares":true,"showImageEffects":true,"showParticleSystems":true,"showVisualEffectGraphs":true},"in2DMode":false,"pivot":{"x":1.0469986200332642,"y":6.387485980987549,"z":-14.584047317504883},"rotation":{"x":0.30019694566726687,"y":-0.4520062506198883,"z":0.16473978757858277,"w":0.8236725926399231},"size":4.336482524871826,"orthographic":false}