{"cameraMode":{"drawMode":0,"name":"Shaded","section":"Shading Mode"},"sceneLighting":false,"audioPlay":false,"sceneViewState":{"showFog":true,"showMaterialUpdate":false,"showSkybox":false,"showFlares":true,"showImageEffects":true,"showParticleSystems":true,"showVisualEffectGraphs":true,"m_FxEnabled":false},"in2DMode":false,"pivot":{"x":0.0000731348991394043,"y":4.982363700866699,"z":-18.037145614624025},"rotation":{"x":-0.45885440707206728,"y":-0.030651001259684564,"z":0.015839707106351854,"w":-0.8878685832023621},"size":1.5678026676177979,"orthographic":false}